"Date","Number of Sales (7-day)"
"2017-12-25",11
"2017-12-26",24
"2017-12-27",85
"2017-12-28",92
"2017-12-29",108
"2017-12-30",114
"2017-12-31",133
"2018-01-01",133
"2018-01-02",120
"2018-01-03",59
"2018-01-04",55
"2018-01-05",40
"2018-01-06",35
"2018-01-07",16
"2018-01-08",7
"2018-01-09",11
"2018-01-10",17
"2018-01-11",37
"2018-01-12",49
"2018-01-13",65
"2018-01-14",81
"2018-01-15",99
"2018-01-16",104
"2018-01-17",114
"2018-01-18",131
"2018-01-19",208
"2018-01-20",271
"2018-01-21",380
"2018-01-22",503
"2018-01-23",603
"2018-01-24",654
"2018-01-25",699
"2018-01-26",738
"2018-01-27",749
"2018-01-28",726
"2018-01-29",688
"2018-01-30",642
"2018-01-31",653
"2018-02-01",618
"2018-02-02",562
"2018-02-03",543
"2018-02-04",494
"2018-02-05",481
"2018-02-06",613
"2018-02-07",684
"2018-02-08",762
"2018-02-09",941
"2018-02-10",1121
"2018-02-11",1345
"2018-02-12",1584
"2018-02-13",1672
"2018-02-14",1716
"2018-02-15",1784
"2018-02-16",2103
"2018-02-17",2015
"2018-02-18",1959
"2018-02-19",1772
"2018-02-20",1658
"2018-02-21",1594
"2018-02-22",1563
"2018-02-23",1080
"2018-02-24",995
"2018-02-25",843
"2018-02-26",752
"2018-02-27",681
"2018-02-28",611
"2018-03-01",525
"2018-03-02",492
"2018-03-03",481
"2018-03-04",1115
"2018-03-05",1418
"2018-03-06",1893
"2018-03-07",2287
"2018-03-08",2557
"2018-03-09",2689
"2018-03-10",2768
"2018-03-11",2299
"2018-03-12",2227
"2018-03-13",1860
"2018-03-14",1649
"2018-03-15",1496
"2018-03-16",1444
"2018-03-17",1476
"2018-03-18",1620
"2018-03-19",1778
"2018-03-20",1970
"2018-03-21",2193
"2018-03-22",2382
"2018-03-23",2661
"2018-03-24",2820
"2018-03-25",2683
"2018-03-26",2783
"2018-03-27",3034
"2018-03-28",3372
"2018-03-29",3745
"2018-03-30",4098
"2018-03-31",4655
"2018-04-01",5125
"2018-04-02",5334
"2018-04-03",5446
"2018-04-04",5326
"2018-04-05",5166
"2018-04-06",5252
"2018-04-07",4891
"2018-04-08",4660
"2018-04-09",4280
"2018-04-10",4131
"2018-04-11",3908
"2018-04-12",3689
"2018-04-13",3255
"2018-04-14",3311
"2018-04-15",3161
"2018-04-16",3228
"2018-04-17",2955
"2018-04-18",2821
"2018-04-19",2829
"2018-04-20",2687
"2018-04-21",2520
"2018-04-22",2505
"2018-04-23",2465
"2018-04-24",2806
"2018-04-25",3134
"2018-04-26",3184
"2018-04-27",3405
"2018-04-28",3567
"2018-04-29",4172
"2018-04-30",4336
"2018-05-01",4380
"2018-05-02",4228
"2018-05-03",4268
"2018-05-04",4360
"2018-05-05",4156
"2018-05-06",3748
"2018-05-07",3609
"2018-05-08",3371
"2018-05-09",3351
"2018-05-10",3236
"2018-05-11",2934
"2018-05-12",2854
"2018-05-13",2598
"2018-05-14",2342
"2018-05-15",2044
"2018-05-16",1855
"2018-05-17",1698
"2018-05-18",1585
"2018-05-19",1457
"2018-05-20",1493
"2018-05-21",1542
"2018-05-22",1615
"2018-05-23",1612
"2018-05-24",1988
"2018-05-25",2156
"2018-05-26",2359
"2018-05-27",2525
"2018-05-28",2514
"2018-05-29",2494
"2018-05-30",2605
"2018-05-31",2316
"2018-06-01",2333
"2018-06-02",2258
"2018-06-03",2091
"2018-06-04",2302
"2018-06-05",2305
"2018-06-06",2184
"2018-06-07",2271
"2018-06-08",2185
"2018-06-09",2340
"2018-06-10",2504
"2018-06-11",2533
"2018-06-12",2770
"2018-06-13",3035
"2018-06-14",3012
"2018-06-15",3083
"2018-06-16",2957
"2018-06-17",3235
"2018-06-18",3677
"2018-06-19",4228
"2018-06-20",4205
"2018-06-21",5092
"2018-06-22",5469
"2018-06-23",5760
"2018-06-24",5659
"2018-06-25",5257
"2018-06-26",4719
"2018-06-27",4898
"2018-06-28",4273
"2018-06-29",4383
"2018-06-30",4400
"2018-07-01",4027
"2018-07-02",3654
"2018-07-03",3272
"2018-07-04",2690
"2018-07-05",2235
"2018-07-06",1567
"2018-07-07",1057
"2018-07-08",1141
"2018-07-09",1723
"2018-07-10",1968
"2018-07-11",2142
"2018-07-12",2401
"2018-07-13",2653
"2018-07-14",2693
"2018-07-15",2588
"2018-07-16",2363
"2018-07-17",2515
"2018-07-18",2560
"2018-07-19",2731
"2018-07-20",2766
"2018-07-21",3027
"2018-07-22",3646
"2018-07-23",3900
"2018-07-24",3861
"2018-07-25",4071
"2018-07-26",4099
"2018-07-27",4185
"2018-07-28",4240
"2018-07-29",3980
"2018-07-30",3711
"2018-07-31",3727
"2018-08-01",3637
"2018-08-02",3853
"2018-08-03",3911
"2018-08-04",4060
"2018-08-05",4198
"2018-08-06",4376
"2018-08-07",4343
"2018-08-08",4053
"2018-08-09",3447
"2018-08-10",3142
"2018-08-11",2877
"2018-08-12",2851
"2018-08-13",3252
"2018-08-14",3913
"2018-08-15",4829
"2018-08-16",5622
"2018-08-17",5918
"2018-08-18",7069
"2018-08-19",7989
"2018-08-20",7777
"2018-08-21",8064
"2018-08-22",7587
"2018-08-23",7445
"2018-08-24",7767
"2018-08-25",7243
"2018-08-26",6400
"2018-08-27",6537
"2018-08-28",5948
"2018-08-29",6246
"2018-08-30",6285
"2018-08-31",6630
"2018-09-01",6671
"2018-09-02",6673
"2018-09-03",6670
"2018-09-04",6588
"2018-09-05",6419
"2018-09-06",6668
"2018-09-07",6213
"2018-09-08",5892
"2018-09-09",5827
"2018-09-10",5470
"2018-09-11",5492
"2018-09-12",5290
"2018-09-13",4674
"2018-09-14",4641
"2018-09-15",4553
"2018-09-16",4586
"2018-09-17",4795
"2018-09-18",4627
"2018-09-19",4593
"2018-09-20",4556
"2018-09-21",4952
"2018-09-22",5056
"2018-09-23",4879
"2018-09-24",4499
"2018-09-25",4555
"2018-09-26",4577
"2018-09-27",4706
"2018-09-28",4040
"2018-09-29",3616
"2018-09-30",3471
"2018-10-01",3700
"2018-10-02",3812
"2018-10-03",4097
"2018-10-04",3995
"2018-10-05",4269
"2018-10-06",4852
"2018-10-07",5256
"2018-10-08",5197
"2018-10-09",5134
"2018-10-10",5452
"2018-10-11",6025
"2018-10-12",6438
"2018-10-13",6925
"2018-10-14",7547
"2018-10-15",8018
"2018-10-16",8341
"2018-10-17",8403
"2018-10-18",8095
"2018-10-19",7709
"2018-10-20",7160
"2018-10-21",6654
"2018-10-22",6305
"2018-10-23",6309
"2018-10-24",5870
"2018-10-25",5834
"2018-10-26",5931
"2018-10-27",6313
"2018-10-28",6488
"2018-10-29",6690
"2018-10-30",6509
"2018-10-31",6636
"2018-11-01",6904
"2018-11-02",7235
"2018-11-03",6986
"2018-11-04",6935
"2018-11-05",6650
"2018-11-06",6502
"2018-11-07",6912
"2018-11-08",6778
"2018-11-09",6473
"2018-11-10",6654
"2018-11-11",6884
"2018-11-12",7263
"2018-11-13",7503
"2018-11-14",6915
"2018-11-15",6967
"2018-11-16",7294
"2018-11-17",7520
"2018-11-18",7253
"2018-11-19",7324
"2018-11-20",7586
"2018-11-21",8263
"2018-11-22",9047
"2018-11-23",8932
"2018-11-24",9174
"2018-11-25",9123
"2018-11-26",9119
"2018-11-27",8691
"2018-11-28",8200
"2018-11-29",7233
"2018-11-30",7620
"2018-12-01",6940
"2018-12-02",6959
"2018-12-03",6690
"2018-12-04",6661
"2018-12-05",6739
"2018-12-06",6799
"2018-12-07",6309
"2018-12-08",6636
"2018-12-09",6957
"2018-12-10",6954
"2018-12-11",7333
"2018-12-12",7689
"2018-12-13",7898
"2018-12-14",8355
"2018-12-15",8290
"2018-12-16",8475
"2018-12-17",9026
"2018-12-18",9018
"2018-12-19",8911
"2018-12-20",9054
"2018-12-21",8592
"2018-12-22",8583
"2018-12-23",8259
"2018-12-24",7801
"2018-12-25",7574
"2018-12-26",7254
"2018-12-27",7116
"2018-12-28",7205
"2018-12-29",7056
"2018-12-30",6880
"2018-12-31",7316
"2019-01-01",7448
"2019-01-02",7609
"2019-01-03",7690
"2019-01-04",7853
"2019-01-05",7868
"2019-01-06",7999
"2019-01-07",7663
"2019-01-08",7857
"2019-01-09",8009
"2019-01-10",8565
"2019-01-11",9365
"2019-01-12",10275
"2019-01-13",11037
"2019-01-14",11380
"2019-01-15",11664
"2019-01-16",12088
"2019-01-17",11730
"2019-01-18",11254
"2019-01-19",10771
"2019-01-20",10444
"2019-01-21",10870
"2019-01-22",10473
"2019-01-23",10212
"2019-01-24",11133
"2019-01-25",11292
"2019-01-26",12085
"2019-01-27",13156
"2019-01-28",13756
"2019-01-29",14055
"2019-01-30",14235
"2019-01-31",13120
"2019-02-01",12833
"2019-02-02",12294
"2019-02-03",11856
"2019-02-04",11101
"2019-02-05",11445
"2019-02-06",11245
"2019-02-07",11413
"2019-02-08",11055
"2019-02-09",10747
"2019-02-10",9716
"2019-02-11",9116
"2019-02-12",8434
"2019-02-13",8130
"2019-02-14",8679
"2019-02-15",9153
"2019-02-16",9465
"2019-02-17",9723
"2019-02-18",10045
"2019-02-19",9736
"2019-02-20",9718
"2019-02-21",8668
"2019-02-22",7802
"2019-02-23",7209
"2019-02-24",6751
"2019-02-25",5927
"2019-02-26",5847
"2019-02-27",5877
"2019-02-28",5816
"2019-03-01",6662
"2019-03-02",7325
"2019-03-03",8252
"2019-03-04",9484
"2019-03-05",10183
"2019-03-06",10747
"2019-03-07",11535
"2019-03-08",11309
"2019-03-09",10895
"2019-03-10",10690
"2019-03-11",10456
"2019-03-12",10413
"2019-03-13",10109
"2019-03-14",9891
"2019-03-15",10110
"2019-03-16",10330
"2019-03-17",10214
"2019-03-18",10868
"2019-03-19",11370
"2019-03-20",11811
"2019-03-21",11963
"2019-03-22",12094
"2019-03-23",12664
"2019-03-24",12757
"2019-03-25",12292
"2019-03-26",11884
"2019-03-27",11527
"2019-03-28",11651
"2019-03-29",34345
"2019-03-30",36832
"2019-03-31",40279
"2019-04-01",43566
"2019-04-02",45078
"2019-04-03",45747
"2019-04-04",46010
"2019-04-05",23629
"2019-04-06",20997
"2019-04-07",17819
"2019-04-08",14183
"2019-04-09",13187
"2019-04-10",12676
"2019-04-11",12177
"2019-04-12",12258
"2019-04-13",11873
"2019-04-14",11572
"2019-04-15",11219
"2019-04-16",10372
"2019-04-17",10298
"2019-04-18",10405
"2019-04-19",10089
"2019-04-20",10500
"2019-04-21",10489
"2019-04-22",10983
"2019-04-23",11539
"2019-04-24",11702
"2019-04-25",12013
"2019-04-26",11379
"2019-04-27",10968
"2019-04-28",11176
"2019-04-29",11305
"2019-04-30",11661
"2019-05-01",11967
"2019-05-02",11544
"2019-05-03",11658
"2019-05-04",12010
"2019-05-05",12148
"2019-05-06",11915
"2019-05-07",10736
"2019-05-08",10190
"2019-05-09",10864
"2019-05-10",11230
"2019-05-11",11074
"2019-05-12",10475
"2019-05-13",10307
"2019-05-14",10594
"2019-05-15",9948
"2019-05-16",8630
"2019-05-17",8889
"2019-05-18",9211
"2019-05-19",9914
"2019-05-20",10368
"2019-05-21",11037
"2019-05-22",11803
"2019-05-23",12377
"2019-05-24",12629
"2019-05-25",12167
"2019-05-26",11990
"2019-05-27",11991
"2019-05-28",11485
"2019-05-29",11074
"2019-05-30",10854
"2019-05-31",9798
"2019-06-01",9234
"2019-06-02",8935
"2019-06-03",9006
"2019-06-04",8998
"2019-06-05",9480
"2019-06-06",9583
"2019-06-07",10731
"2019-06-08",10690
"2019-06-09",11281
"2019-06-10",10464
"2019-06-11",10697
"2019-06-12",10705
"2019-06-13",11136
"2019-06-14",10655
"2019-06-15",11050
"2019-06-16",10683
"2019-06-17",10999
"2019-06-18",11146
"2019-06-19",11016
"2019-06-20",10466
"2019-06-21",10462
"2019-06-22",10665
"2019-06-23",10224
"2019-06-24",10913
"2019-06-25",10220
"2019-06-26",9696
"2019-06-27",9670
"2019-06-28",8705
"2019-06-29",8454
"2019-06-30",8029
"2019-07-01",6785
"2019-07-02",6717
"2019-07-03",6786
"2019-07-04",7120
"2019-07-05",7468
"2019-07-06",7534
"2019-07-07",7997
"2019-07-08",8386
"2019-07-09",8795
"2019-07-10",9310
"2019-07-11",8837
"2019-07-12",9094
"2019-07-13",9287
"2019-07-14",9208
"2019-07-15",9732
"2019-07-16",8851
"2019-07-17",8658
"2019-07-18",10030
"2019-07-19",10015
"2019-07-20",10203
"2019-07-21",10833
"2019-07-22",10536
"2019-07-23",11513
"2019-07-24",11354
"2019-07-25",10226
"2019-07-26",11096
"2019-07-27",10848
"2019-07-28",10658
"2019-07-29",11390
"2019-07-30",12391
"2019-07-31",12814
"2019-08-01",12691
"2019-08-02",11765
"2019-08-03",11566
"2019-08-04",11737
"2019-08-05",11729
"2019-08-06",10405
"2019-08-07",10470
"2019-08-08",11411
"2019-08-09",11785
"2019-08-10",11690
"2019-08-11",11119
"2019-08-12",10590
"2019-08-13",10909
"2019-08-14",10991
"2019-08-15",10880
"2019-08-16",10956
"2019-08-17",11436
"2019-08-18",12107
"2019-08-19",11756
"2019-08-20",11396
"2019-08-21",10797
"2019-08-22",10271
"2019-08-23",10286
"2019-08-24",10792
"2019-08-25",10441
"2019-08-26",10274
"2019-08-27",11271
"2019-08-28",12210
"2019-08-29",13053
"2019-08-30",12700
"2019-08-31",12271
"2019-09-01",12054
"2019-09-02",12484
"2019-09-03",11426
"2019-09-04",10250
"2019-09-05",8757
"2019-09-06",7914
"2019-09-07",6711
"2019-09-08",5761
"2019-09-09",4909
"2019-09-10",4433
"2019-09-11",4028
"2019-09-12",3970
"2019-09-13",3942
"2019-09-14",3621
"2019-09-15",3630
"2019-09-16",3439
"2019-09-17",3361
"2019-09-18",3262
"2019-09-19",3168
"2019-09-20",2998
"2019-09-21",3304
"2019-09-22",3731
"2019-09-23",3962
"2019-09-24",3935
"2019-09-25",3917
"2019-09-26",3819
"2019-09-27",3835
"2019-09-28",3578
"2019-09-29",3335
"2019-09-30",3495
"2019-10-01",5229
"2019-10-02",6573
"2019-10-03",8703
"2019-10-04",10324
"2019-10-05",12143
"2019-10-06",13113
"2019-10-07",14304
"2019-10-08",14595
"2019-10-09",16354
"2019-10-10",17036
"2019-10-11",19165
"2019-10-12",18089
"2019-10-13",17595
"2019-10-14",17235
"2019-10-15",17300
"2019-10-16",15321
"2019-10-17",14740
"2019-10-18",12578
"2019-10-19",13053
"2019-10-20",18321
"2019-10-21",18159
"2019-10-22",17470
"2019-10-23",16917
"2019-10-24",15328
"2019-10-25",14893
"2019-10-26",14540
"2019-10-27",9340
"2019-10-28",9607
"2019-10-29",9005
"2019-10-30",9034
"2019-10-31",9306
"2019-11-01",8823
"2019-11-02",9318
"2019-11-03",9349
"2019-11-04",9114
"2019-11-05",9788
"2019-11-06",10870
"2019-11-07",11670
"2019-11-08",12978
"2019-11-09",13322
"2019-11-10",14537
"2019-11-11",14467
"2019-11-12",14129
"2019-11-13",13976
"2019-11-14",13077
"2019-11-15",11742
"2019-11-16",11247
"2019-11-17",10165
"2019-11-18",10490
"2019-11-19",10491
"2019-11-20",10216
"2019-11-21",10326
"2019-11-22",20618
"2019-11-23",33628
"2019-11-24",49795
"2019-11-25",55870
"2019-11-26",63915
"2019-11-27",71989
"2019-11-28",79312
"2019-11-29",84903
"2019-11-30",81676
"2019-12-01",78643
"2019-12-02",83808
"2019-12-03",81560
"2019-12-04",78372
"2019-12-05",75939
"2019-12-06",66261
"2019-12-07",62144
"2019-12-08",56497
"2019-12-09",51118
"2019-12-10",49690
"2019-12-11",48503
"2019-12-12",46996
"2019-12-13",43586
"2019-12-14",40582
"2019-12-15",36439
"2019-12-16",32698
"2019-12-17",29709
"2019-12-18",29392
"2019-12-19",29478
"2019-12-20",29046
"2019-12-21",29869
"2019-12-22",31734
"2019-12-23",31029
"2019-12-24",31970
"2019-12-25",30958
"2019-12-26",30319
"2019-12-27",32930
"2019-12-28",33331
"2019-12-29",32656
"2019-12-30",33441
"2019-12-31",33666
"2020-01-01",33175
"2020-01-02",35455
"2020-01-03",36231
"2020-01-04",41049
"2020-01-05",42994
"2020-01-06",43702
"2020-01-07",45884
"2020-01-08",47053
"2020-01-09",46542
"2020-01-10",44586
"2020-01-11",39274
"2020-01-12",38313
"2020-01-13",39648
"2020-01-14",37764
"2020-01-15",38429
"2020-01-16",35154
"2020-01-17",32870
"2020-01-18",31751
"2020-01-19",29340
"2020-01-20",27913
"2020-01-21",27546
"2020-01-22",25559
"2020-01-23",27906
"2020-01-24",38943
"2020-01-25",42985
"2020-01-26",47536
"2020-01-27",50125
"2020-01-28",51597
"2020-01-29",52269
"2020-01-30",50124
"2020-01-31",40186
"2020-02-01",36982
"2020-02-02",30637
"2020-02-03",26334
"2020-02-04",22432
"2020-02-05",20414
"2020-02-06",19204
"2020-02-07",17528
"2020-02-08",19177
"2020-02-09",28536
"2020-02-10",29331
"2020-02-11",30775
"2020-02-12",31372
"2020-02-13",32548
"2020-02-14",32807
"2020-02-15",27746
"2020-02-16",17092
"2020-02-17",16558
"2020-02-18",15354
"2020-02-19",14730
"2020-02-20",13874
"2020-02-21",14718
"2020-02-22",17058
"2020-02-23",19298
"2020-02-24",20161
"2020-02-25",20950
"2020-02-26",21346
"2020-02-27",22687
"2020-02-28",22027
"2020-02-29",24163
"2020-03-01",25847
"2020-03-02",31197
"2020-03-03",31614
"2020-03-04",32648
"2020-03-05",32414
"2020-03-06",33775
"2020-03-07",32334
"2020-03-08",29362
"2020-03-09",21996
"2020-03-10",23074
"2020-03-11",26506
"2020-03-12",26131
"2020-03-13",23501
"2020-03-14",22455
"2020-03-15",24902
"2020-03-16",28229
"2020-03-17",29520
"2020-03-18",29554
"2020-03-19",31271
"2020-03-20",33583
"2020-03-21",32928
"2020-03-22",31003
"2020-03-23",28804
"2020-03-24",25395
"2020-03-25",20349
"2020-03-26",19636
"2020-03-27",19424
"2020-03-28",22432
"2020-03-29",22917
"2020-03-30",22996
"2020-03-31",23999
"2020-04-01",26601
"2020-04-02",25065
"2020-04-03",27056
"2020-04-04",30519
"2020-04-05",31355
"2020-04-06",34130
"2020-04-07",34035
"2020-04-08",31932
"2020-04-09",31834
"2020-04-10",28741
"2020-04-11",24212
"2020-04-12",24112
"2020-04-13",21215
"2020-04-14",24666
"2020-04-15",25228
"2020-04-16",25041
"2020-04-17",25079
"2020-04-18",22569
"2020-04-19",21934
"2020-04-20",20019
"2020-04-21",15108
"2020-04-22",13897
"2020-04-23",13886
"2020-04-24",13363
"2020-04-25",13507
"2020-04-26",12090
"2020-04-27",13425
"2020-04-28",14170
"2020-04-29",13696
"2020-04-30",12736
"2020-05-01",12919
"2020-05-02",12658
"2020-05-03",13631
"2020-05-04",13196
"2020-05-05",12558
"2020-05-06",12397
"2020-05-07",12463
"2020-05-08",11765
"2020-05-09",11186
"2020-05-10",9186
"2020-05-11",8185
"2020-05-12",7792
"2020-05-13",7654
"2020-05-14",7427
"2020-05-15",7233
"2020-05-16",7093
"2020-05-17",7223
"2020-05-18",6951
"2020-05-19",6481
"2020-05-20",6432
"2020-05-21",6333
"2020-05-22",6101
"2020-05-23",6298
"2020-05-24",6110
"2020-05-25",6856
"2020-05-26",7069
"2020-05-27",7036
"2020-05-28",7224
"2020-05-29",7438
"2020-05-30",6808
"2020-05-31",6660
"2020-06-01",6047
"2020-06-02",5807
"2020-06-03",5579
"2020-06-04",5639
"2020-06-05",5805
"2020-06-06",5644
"2020-06-07",5298
"2020-06-08",4939
"2020-06-09",4994
"2020-06-10",4806
"2020-06-11",4424
"2020-06-12",3796
"2020-06-13",3935
"2020-06-14",4549
"2020-06-15",4601
"2020-06-16",4616
"2020-06-17",4686
"2020-06-18",4977
"2020-06-19",4948
"2020-06-20",4691
"2020-06-21",4241
"2020-06-22",4224
"2020-06-23",4226
"2020-06-24",4257
"2020-06-25",3937
"2020-06-26",3954
"2020-06-27",3933
"2020-06-28",3754
"2020-06-29",3765
"2020-06-30",3694
"2020-07-01",3759
"2020-07-02",3793
"2020-07-03",3869
"2020-07-04",3982
"2020-07-05",4083
"2020-07-06",4113
"2020-07-07",4114
"2020-07-08",4678
"2020-07-09",5362
"2020-07-10",5722
"2020-07-11",6199
"2020-07-12",6631
"2020-07-13",6704
"2020-07-14",6773
"2020-07-15",6149
"2020-07-16",5444
"2020-07-17",5042
"2020-07-18",4479
"2020-07-19",3872
"2020-07-20",3538
"2020-07-21",3215
"2020-07-22",3027
"2020-07-23",2891
"2020-07-24",2742
"2020-07-25",2424
"2020-07-26",2299
"2020-07-27",2217
"2020-07-28",2078
"2020-07-29",1962
"2020-07-30",1886
"2020-07-31",1807
"2020-08-01",1829
"2020-08-02",1737
"2020-08-03",1797
"2020-08-04",1858
"2020-08-05",1977
"2020-08-06",2194
"2020-08-07",2411
"2020-08-08",2571
"2020-08-09",2629
"2020-08-10",2504
"2020-08-11",2420
"2020-08-12",2129
"2020-08-13",1748
"2020-08-14",1387
"2020-08-15",1219
"2020-08-16",1112
"2020-08-17",1140
"2020-08-18",1124
"2020-08-19",1222
"2020-08-20",1542
"2020-08-21",1599
"2020-08-22",1620
"2020-08-23",1843
"2020-08-24",1892
"2020-08-25",1928
"2020-08-26",1996
"2020-08-27",1879
"2020-08-28",2057
"2020-08-29",2064
"2020-08-30",1787
"2020-08-31",1636
"2020-09-01",1429
"2020-09-02",1240
"2020-09-03",1031
"2020-09-04",966
"2020-09-05",848
"2020-09-06",1046
"2020-09-07",1251
"2020-09-08",1659
"2020-09-09",1887
"2020-09-10",1898
"2020-09-11",1812
"2020-09-12",1915
"2020-09-13",1925
"2020-09-14",1812
"2020-09-15",1585
"2020-09-16",1678
"2020-09-17",1642
"2020-09-18",1656
"2020-09-19",1886
"2020-09-20",2292
"2020-09-21",2586
"2020-09-22",2865
"2020-09-23",3264
"2020-09-24",4121
"2020-09-25",5069
"2020-09-26",5610
"2020-09-27",5928
"2020-09-28",6365
"2020-09-29",6712
"2020-09-30",6943
"2020-10-01",6923
"2020-10-02",6674
"2020-10-03",6818
"2020-10-04",6706
"2020-10-05",6500
"2020-10-06",6445
"2020-10-07",6487
"2020-10-08",6275
"2020-10-09",6051
"2020-10-10",5649
"2020-10-11",5551
"2020-10-12",5512
"2020-10-13",5663
"2020-10-14",5306
"2020-10-15",5343
"2020-10-16",5529
"2020-10-17",5965
"2020-10-18",6404
"2020-10-19",6484
"2020-10-20",6322
"2020-10-21",6293
"2020-10-22",6143
"2020-10-23",6261
"2020-10-24",6072
"2020-10-25",5910
"2020-10-26",6509
"2020-10-27",7366
"2020-10-28",8007
"2020-10-29",8762
"2020-10-30",9395
"2020-10-31",10000
"2020-11-01",10190
"2020-11-02",9842
"2020-11-03",9324
"2020-11-04",9143
"2020-11-05",8756
"2020-11-06",7979
"2020-11-07",7400
"2020-11-08",7768
"2020-11-09",7990
"2020-11-10",8546
"2020-11-11",9210
"2020-11-12",10082
"2020-11-13",10919
"2020-11-14",11963
"2020-11-15",12611
"2020-11-16",13265
"2020-11-17",12884
"2020-11-18",12311
"2020-11-19",12292
"2020-11-20",11803
"2020-11-21",10861
"2020-11-22",9795
"2020-11-23",8719
"2020-11-24",8215
"2020-11-25",8038
"2020-11-26",7172
"2020-11-27",7530
"2020-11-28",8159
"2020-11-29",8552
"2020-11-30",8557
"2020-12-01",8726
"2020-12-02",9124
"2020-12-03",9213
"2020-12-04",8713
"2020-12-05",8243
"2020-12-06",8063
"2020-12-07",8537
"2020-12-08",8828
"2020-12-09",8518
"2020-12-10",8762
"2020-12-11",8908
"2020-12-12",9107
"2020-12-13",9105
"2020-12-14",8972
"2020-12-15",8545
"2020-12-16",8251
"2020-12-17",7288
"2020-12-18",7075
"2020-12-19",6591
"2020-12-20",6302
"2020-12-21",5929
"2020-12-22",6112
"2020-12-23",5899
"2020-12-24",6411
"2020-12-25",5993
"2020-12-26",5640
"2020-12-27",5049
"2020-12-28",4739
"2020-12-29",4279
"2020-12-30",4037
"2020-12-31",3634
"2021-01-01",3645
"2021-01-02",3532
"2021-01-03",3261
"2021-01-04",2958
"2021-01-05",2683
"2021-01-06",2580
"2021-01-07",2270
"2021-01-08",1918
"2021-01-09",1686
"2021-01-10",1686
"2021-01-11",1660
"2021-01-12",1727
"2021-01-13",2193
"2021-01-14",3073
"2021-01-15",3226
"2021-01-16",3211
"2021-01-17",3499
"2021-01-18",3714
"2021-01-19",3633
"2021-01-20",3184
"2021-01-21",2405
"2021-01-22",2220
"2021-01-23",2265
"2021-01-24",1922
"2021-01-25",1859
"2021-01-26",1933
"2021-01-27",1958
"2021-01-28",1912
"2021-01-29",1846
"2021-01-30",1727
"2021-01-31",1683
"2021-02-01",1559
"2021-02-02",1380
"2021-02-03",1202
"2021-02-04",1094
"2021-02-05",1035
"2021-02-06",945
"2021-02-07",942
"2021-02-08",914
"2021-02-09",928
"2021-02-10",1045
"2021-02-11",1258
"2021-02-12",1446
"2021-02-13",1492
"2021-02-14",1720
"2021-02-15",1903
"2021-02-16",2139
"2021-02-17",2316
"2021-02-18",2476
"2021-02-19",2551
"2021-02-20",2766
"2021-02-21",3228
"2021-02-22",3370
"2021-02-23",3266
"2021-02-24",3400
"2021-02-25",3585
"2021-02-26",3912
"2021-02-27",4645
"2021-02-28",4597
"2021-03-01",4800
"2021-03-02",5400
"2021-03-03",5570
"2021-03-04",5804
"2021-03-05",5956
"2021-03-06",6177
"2021-03-07",6098
"2021-03-08",6201
"2021-03-09",7083
"2021-03-10",7375
"2021-03-11",7482
"2021-03-12",7480
"2021-03-13",7106
"2021-03-14",7769
"2021-03-15",8110
"2021-03-16",7391
"2021-03-17",7548
"2021-03-18",7836
"2021-03-19",8627
"2021-03-20",8968
"2021-03-21",8894
"2021-03-22",8739
"2021-03-23",8735
"2021-03-24",8555
"2021-03-25",8228
"2021-03-26",7559
"2021-03-27",7206
"2021-03-28",6892
"2021-03-29",6756
"2021-03-30",6455
"2021-03-31",6087
"2021-04-01",5674
"2021-04-02",5331
"2021-04-03",5151
"2021-04-04",5039
"2021-04-05",4782
"2021-04-06",4701
"2021-04-07",4716
"2021-04-08",5018
"2021-04-09",5202
"2021-04-10",5592
"2021-04-11",6175
"2021-04-12",6481
"2021-04-13",6707
"2021-04-14",6833
"2021-04-15",6818
"2021-04-16",6552
"2021-04-17",6155
"2021-04-18",5503
"2021-04-19",5070
"2021-04-20",4436
"2021-04-21",4211
"2021-04-22",4183
"2021-04-23",4422
"2021-04-24",4984
"2021-04-25",5459
"2021-04-26",5793
"2021-04-27",6482
"2021-04-28",6874
"2021-04-29",7856
"2021-04-30",9147
"2021-05-01",9901
"2021-05-02",11100
"2021-05-03",12141
"2021-05-04",13633
"2021-05-05",15669
"2021-05-06",16995
"2021-05-07",17200
"2021-05-08",16803
"2021-05-09",15989
"2021-05-10",15372
"2021-05-11",14359
"2021-05-12",13319
"2021-05-13",13032
"2021-05-14",13806
"2021-05-15",15858
"2021-05-16",18819
"2021-05-17",22246
"2021-05-18",25618
"2021-05-19",27811
"2021-05-20",31014
"2021-05-21",32568
"2021-05-22",34576
"2021-05-23",34637
"2021-05-24",34543
"2021-05-25",35081
"2021-05-26",35915
"2021-05-27",35441
"2021-05-28",38057
"2021-05-29",40995
"2021-05-30",44919
"2021-05-31",49241
"2021-06-01",53287
"2021-06-02",57409
"2021-06-03",60521
"2021-06-04",63178
"2021-06-05",64670
"2021-06-06",66268
"2021-06-07",67026
"2021-06-08",68386
"2021-06-09",70046
"2021-06-10",72921
"2021-06-11",74579
"2021-06-12",76031
"2021-06-13",77079
"2021-06-14",78511
"2021-06-15",79894
"2021-06-16",82977
"2021-06-17",85636
"2021-06-18",89533
"2021-06-19",94439
"2021-06-20",100030
"2021-06-21",106904
"2021-06-22",112184
"2021-06-23",113778
"2021-06-24",117957
"2021-06-25",121614
"2021-06-26",127578
"2021-06-27",138960
"2021-06-28",144078
"2021-06-29",151872
"2021-06-30",159324
"2021-07-01",167962
"2021-07-02",172280
"2021-07-03",177522
"2021-07-04",177355
"2021-07-05",178586
"2021-07-06",197421
"2021-07-07",215107
"2021-07-08",231509
"2021-07-09",244953
"2021-07-10",253044
"2021-07-11",257888
"2021-07-12",254888
"2021-07-13",232078
"2021-07-14",250930
"2021-07-15",327967
"2021-07-16",410665
"2021-07-17",478736
"2021-07-18",521797
"2021-07-19",596602
"2021-07-20",668800
"2021-07-21",690865
"2021-07-22",657250
"2021-07-23",651083
"2021-07-24",641470
"2021-07-25",676864
"2021-07-26",667894
"2021-07-27",649213
"2021-07-28",672899
"2021-07-29",708970
"2021-07-30",719653
"2021-07-31",746760
"2021-08-01",749492
"2021-08-02",779740
"2021-08-03",845281
"2021-08-04",865637
"2021-08-05",887614
"2021-08-06",919709
"2021-08-07",930397
"2021-08-08",956465
"2021-08-09",975832
"2021-08-10",956065
"2021-08-11",964321
"2021-08-12",968137
"2021-08-13",938178
"2021-08-14",937961
"2021-08-15",943623
"2021-08-16",951002
"2021-08-17",976476
"2021-08-18",983819
"2021-08-19",972607
"2021-08-20",979298
"2021-08-21",967868
"2021-08-22",934756
"2021-08-23",894547
"2021-08-24",865489
"2021-08-25",836540
"2021-08-26",840521
"2021-08-27",854007
"2021-08-28",861847
"2021-08-29",865938
"2021-08-30",874407
"2021-08-31",869515
"2021-09-01",869513
"2021-09-02",840574
"2021-09-03",797096
"2021-09-04",781143
"2021-09-05",780102
"2021-09-06",793674
"2021-09-07",809168
"2021-09-08",822863
"2021-09-09",831986
"2021-09-10",851530
"2021-09-11",863856
"2021-09-12",869910
"2021-09-13",854508
"2021-09-14",834960
"2021-09-15",790693
"2021-09-16",670228
"2021-09-17",549068
"2021-09-18",425736
"2021-09-19",305157
"2021-09-20",195857
"2021-09-21",89064
"2021-09-22",3183
"2021-09-23",3116
"2021-09-24",4420
"2021-09-25",6237
"2021-09-26",6901
"2021-09-27",8196
"2021-09-28",9014
"2021-09-29",9185
"2021-09-30",17657
"2021-10-01",18191
"2021-10-02",16817
"2021-10-03",16366
"2021-10-04",15363
"2021-10-05",14828
"2021-10-06",14618
"2021-10-07",6438
"2021-10-08",4709
"2021-10-09",4273
"2021-10-10",4235
"2021-10-11",4433
"2021-10-12",4324
"2021-10-13",4100
"2021-10-14",3759
"2021-10-15",3582
"2021-10-16",3483
"2021-10-17",3316
"2021-10-18",3252
"2021-10-19",2967
"2021-10-20",2936
"2021-10-21",3036
"2021-10-22",3081
"2021-10-23",3002
"2021-10-24",2988
"2021-10-25",4927
"2021-10-26",5813
"2021-10-27",5804
"2021-10-28",5936
"2021-10-29",5733
"2021-10-30",5562
"2021-10-31",5406
"2021-11-01",2990
"2021-11-02",1975
"2021-11-03",1770
"2021-11-04",1398
"2021-11-05",1400
"2021-11-06",1383
"2021-11-07",1383
"2021-11-08",1301
"2021-11-09",1257
"2021-11-10",1264
"2021-11-11",1207
"2021-11-12",1172
"2021-11-13",1200
"2021-11-14",1251
"2021-11-15",1252
"2021-11-16",1305
"2021-11-17",1380
"2021-11-18",1484
"2021-11-19",1864
"2021-11-20",2048
"2021-11-21",1993
"2021-11-22",2069
"2021-11-23",2112
"2021-11-24",2128
"2021-11-25",2237
"2021-11-26",1910
"2021-11-27",1819
"2021-11-28",1820
"2021-11-29",1762
"2021-11-30",1704
"2021-12-01",1609
"2021-12-02",1524
"2021-12-03",1588
"2021-12-04",1634
"2021-12-05",1659
"2021-12-06",1998
"2021-12-07",2118
"2021-12-08",2209
"2021-12-09",2356
"2021-12-10",2497
"2021-12-11",2554
"2021-12-12",2499
"2021-12-13",2199
"2021-12-14",2255
"2021-12-15",2517
"2021-12-16",2415
"2021-12-17",2203
"2021-12-18",2018
"2021-12-19",1997
"2021-12-20",1940
"2021-12-21",1933
"2021-12-22",1533
"2021-12-23",1399
"2021-12-24",1338
"2021-12-25",1303
"2021-12-26",1261
"2021-12-27",1366
"2021-12-28",1164
"2021-12-29",1195
"2021-12-30",1270
"2021-12-31",1401
"2022-01-01",1501
"2022-01-02",1559
"2022-01-03",1607
"2022-01-04",1761
"2022-01-05",2129
"2022-01-06",2130
"2022-01-07",2196
"2022-01-08",2641
"2022-01-09",2700
"2022-01-10",5761
"2022-01-11",7277
"2022-01-12",14395
"2022-01-13",14523
"2022-01-14",14932
"2022-01-15",15297
"2022-01-16",15368
"2022-01-17",15859
"2022-01-18",8725
"2022-01-19",7190
"2022-01-20",7577
"2022-01-21",9651
"2022-01-22",45393
"2022-01-23",60053
"2022-01-24",56242
"2022-01-25",56424
"2022-01-26",54490
"2022-01-27",57484
"2022-01-28",53871
"2022-01-29",50279
"2022-01-30",39806
"2022-01-31",39135
"2022-02-01",30257
"2022-02-02",28227
"2022-02-03",28938